{
    "GraphViewer": {
        "DarkColor": {
            "ADDR": {
                "background": "#404040",
                "foreground": "#7f7f7f"
            },
            "BACK": {
                "background": "#333333",
                "foreground": "#949494"
            },
            "CRC": {
                "background": "#343434",
                "foreground": "#7f7f7f"
            },
            "DATA": {
                "background": "#450000",
                "foreground": "#7f7f7f"
            },
            "ENDP": {
                "background": "#606060",
                "foreground": "#000000"
            },
            "ERROR": {
                "background": "#7f0000",
                "foreground": "#7f7f7f"
            },
            "FRAME": {
                "background": "#320347",
                "foreground": "#7f7f7f"
            },
            "INCOMP": {
                "background": "#172727",
                "foreground": "#7f7f7f"
            },
            "ISO": {
                "background": "#4c7d4c",
                "foreground": "#000000"
            },
            "PACKET": {
                "background": "#767a7f",
                "foreground": "#000000"
            },
            "REQUEST": {
                "background": "#5c5c39",
                "foreground": "#000000"
            },
            "SOF": {
                "background": "#4c4c00",
                "foreground": "#7f7f7f"
            },
            "SPEED": {
                "background": "#003200",
                "foreground": "#7f7f7f"
            },
            "SPLIT_SE": {
                "background": "#172727",
                "foreground": "#7f7f7f"
            },
            "SPLIT_TYPE": {
                "background": "#450000",
                "foreground": "#7f7f7f"
            },
            "STALL": {
                "background": "#007f3f",
                "foreground": "#000000"
            },
            "SUCCESS": {
                "background": "#4c7d4c",
                "foreground": "#000000"
            },
            "T_ACK": {
                "background": "#4c7d4c",
                "foreground": "#000000"
            },
            "T_DATA0": {
                "background": "#2a180c",
                "foreground": "#7f7f7f"
            },
            "T_DATA1": {
                "background": "#0c0c38",
                "foreground": "#7f7f7f"
            },
            "T_DATA2": {
                "background": "#272203",
                "foreground": "#7f7f7f"
            },
            "T_IN": {
                "background": "#7f7f00",
                "foreground": "#000000"
            },
            "T_MDATA": {
                "background": "#360236",
                "foreground": "#7f7f7f"
            },
            "T_NAK": {
                "background": "#7f6065",
                "foreground": "#000000"
            },
            "T_NYET": {
                "background": "#7f6065",
                "foreground": "#000000"
            },
            "T_OUT": {
                "background": "#7f7f00",
                "foreground": "#000000"
            },
            "T_PING": {
                "background": "#4c4c00",
                "foreground": "#7f7f7f"
            },
            "T_SETUP": {
                "background": "#7f7f00",
                "foreground": "#000000"
            },
            "T_SOF": {
                "background": "#4c4c00",
                "foreground": "#7f7f7f"
            },
            "T_SPLIT": {
                "background": "#7f0000",
                "foreground": "#7f7f7f"
            },
            "T_STALL": {
                "background": "#007f3f",
                "foreground": "#000000"
            },
            "XACT": {
                "background": "#42607f",
                "foreground": "#000000"
            },
            "XFER": {
                "background": "#0f487f",
                "foreground": "#7f7f7f"
            }
        },
        "DarkFont": "Consolas,11,-1,5,50,0,0,0,0,0",
        "LightColor": {
            "ADDR": {
                "background": "#002e5d",
                "foreground": "#ffffff"
            },
            "BACK": {
                "background": "#ffffff",
                "foreground": "#000000"
            },
            "CRC": {
                "background": "#696969",
                "foreground": "#ffffff"
            },
            "DATA": {
                "background": "#8f3237",
                "foreground": "#ecf5ff"
            },
            "ENDP": {
                "background": "#ff5500",
                "foreground": "#ffffff"
            },
            "ERROR": {
                "background": "#ff0000",
                "foreground": "#ffffff"
            },
            "FRAME": {
                "background": "#65068e",
                "foreground": "#ffffff"
            },
            "INCOMP": {
                "background": "#2f4f4f",
                "foreground": "#ffffff"
            },
            "ISO": {
                "background": "#98fb98",
                "foreground": "#000000"
            },
            "PACKET": {
                "background": "#cedc00",
                "foreground": "#000000"
            },
            "REQUEST": {
                "background": "#f8485e",
                "foreground": "#ffffff"
            },
            "SOF": {
                "background": "#00ffff",
                "foreground": "#000000"
            },
            "SPEED": {
                "background": "#6496c8",
                "foreground": "#ffffff"
            },
            "SPLIT_SE": {
                "background": "#2f4f4f",
                "foreground": "#ffffff"
            },
            "SPLIT_TYPE": {
                "background": "#8b0000",
                "foreground": "#ffffff"
            },
            "STALL": {
                "background": "#00ff7f",
                "foreground": "#000000"
            },
            "SUCCESS": {
                "background": "#ffff7f",
                "foreground": "#000000"
            },
            "T_ACK": {
                "background": "#ffff7f",
                "foreground": "#000000"
            },
            "T_DATA0": {
                "background": "#d4b485",
                "foreground": "#000000"
            },
            "T_DATA1": {
                "background": "#a5016b",
                "foreground": "#ffffff"
            },
            "T_DATA2": {
                "background": "#4f4406",
                "foreground": "#ffffff"
            },
            "T_IN": {
                "background": "#44d62c",
                "foreground": "#ecf5ff"
            },
            "T_MDATA": {
                "background": "#6d056d",
                "foreground": "#ffffff"
            },
            "T_NAK": {
                "background": "#ffc0cb",
                "foreground": "#000000"
            },
            "T_NYET": {
                "background": "#ffc0cb",
                "foreground": "#000000"
            },
            "T_OUT": {
                "background": "#400040",
                "foreground": "#ecf5ff"
            },
            "T_PING": {
                "background": "#00ffff",
                "foreground": "#000000"
            },
            "T_SETUP": {
                "background": "#f8485e",
                "foreground": "#ecf5ff"
            },
            "T_SOF": {
                "background": "#00ffff",
                "foreground": "#000000"
            },
            "T_SPLIT": {
                "background": "#ff0000",
                "foreground": "#ffffff"
            },
            "T_STALL": {
                "background": "#00ff7f",
                "foreground": "#000000"
            },
            "XACT": {
                "background": "#0f825c",
                "foreground": "#ecf5ff"
            },
            "XFER": {
                "background": "#3ce57a",
                "foreground": "#000000"
            }
        },
        "LightFont": "Consolas,12,-1,5,50,0,0,0,0,0"
    },
    "HtmlCSS": {
        "Dark": "<style type=\"text/css\">\nh1,td{color:lightgray;}\ntr#odd{background-color: black;}\ntr#even {background-color: #333333;}\ntr#head{background-color:#003366;}\ntable { border-collapse: collapse; }\ntd{ border: 2px solid lightgray }\n</style>",
        "Light": "<style type=\"text/css\">\nh1,td{color:black;}\ntr#odd{background-color: white;}\ntr#even {background-color: lightgray;}\ntr#head{background-color:#66B3FF;}\ntable { border-collapse: collapse; }\ntd{ border: 2px solid darkgray }\n</style>"
    },
    "PacketViewer": {
        "DarkColor": {
            "ACK": {
                "background": "#3f7f6a",
                "foreground": "#c0c0c0"
            },
            "BUS": {
                "background": "#626200",
                "foreground": "#c0c0c0"
            },
            "ERROR": {
                "background": "#7f3123",
                "foreground": "#c0c0c0"
            },
            "INCOMP": {
                "background": "#6e6e6e",
                "foreground": "#c0c0c0"
            },
            "ISO": {
                "background": "#3f7f00",
                "foreground": "#c0c0c0"
            },
            "NAK": {
                "background": "#475e47",
                "foreground": "#c0c0c0"
            },
            "SOF": {
                "background": "#207068",
                "foreground": "#c0c0c0"
            },
            "STALL": {
                "background": "#475e47",
                "foreground": "#c0c0c0"
            },
            "TOKEN": {
                "background": "#7f7f7f",
                "foreground": "#c0c0c0"
            }
        },
        "Font": "Consolas,11,-1,5,50,0,0,0,0,0",
        "LightColor": {
            "ACK": {
                "background": "#7fffd4",
                "foreground": "#000000"
            },
            "BUS": {
                "background": "#c4c400",
                "foreground": "#000000"
            },
            "ERROR": {
                "background": "#ff6347",
                "foreground": "#000000"
            },
            "INCOMP": {
                "background": "#dcdcdc",
                "foreground": "#000000"
            },
            "ISO": {
                "background": "#7fff00",
                "foreground": "#000000"
            },
            "NAK": {
                "background": "#8fbc8f",
                "foreground": "#000000"
            },
            "SOF": {
                "background": "#40e0d0",
                "foreground": "#000000"
            },
            "STALL": {
                "background": "#8fbc8f",
                "foreground": "#000000"
            },
            "TOKEN": {
                "background": "#ffffff",
                "foreground": "#000000"
            }
        }
    }
}
